"_id";"cs-CZ"
"KvBPM5Vx";"ASDAS"
"g2QymZrJ";""
"D7ij3Hpn";""
"z2tC2laf";""
"zZcoEiQT";""
"rTH3iiBT";""
"SPzwfTWU";""
"T3Mij4wm";""
"Uh9Np1x9";""
"9RA9jZkT";""
"sajRQazp";""
"5t7jdtbR";""
"VAQhrjbU";""
"w5rwUKvR";""
"hQpeRsBi";""
"nAb6uM9q";""
"drVVauXx";""
"EySPV0yN";""
"N01VAhlx";""
"fQ4gaCyY";""
"IrkdfrD4";""
"pJGDi1zI";""
"FbsZPIEU";""
"Db7iwUuh";""
"imFR4BEC";""
"PsZsxZ0F";""
"DKBqxXY2";""
"vIDrW7r8";""
"USDuwMn5";""
"EsNNRy0e";""
"mqcydHGS";""
"eCq27yzf";""
"rvoidDvO";""
"KyBq22Xh";""
"HrmRluRX";""
"3XrLCZdM";""
"Ca4hG7CD";""
"R3pKjpaU";""
"BU6wgGKs";""
"jLgbh8IW";""
"1C8vxOFx";""
"L6hYDpCt";""
"ELAhXt3T";""
"AjPceC3W";""
"7W53vKW3";""
"LOQrcZGF";""
"T22lMD0V";""
"rFTmFrwJ";""
"G19rZNoE";""
"9RIp7GL9";""
"NyELSo5E";""
"susR6Jjn";""
"IvazePNN";""
"GXnNOgN1";""
"BBHF2F1m";""
"MXaqHch0";""
"berqJKlT";""
"DjCH4ipy";""
"GuBfzONd";""
"bV4ujXLP";""
"u0prymsf";""
"R9TfsL3H";""
"KLqNcPmw";""
"BgrPIpR3";""
"qRczmDdD";""
"4Z00jmF3";""
"hE8WHhOz";""
"hW8BK421";""
"grYBiS2K";""
"MppfnHZg";""
"ZHMHcFaL";""
"GOxirkfx";""
"gacc5QOJ";""
"35cIfzSO";""
"fA4Nig3L";""
"rLQH5gYJ";""
"GBsqeJVm";""
"tbmYQO9l";""
"CB3lKusD";""
"IFvBxAIE";""
"vIwbiyOi";""
"42nwgvLR";""
"HwWXTaMw";""
"hk06HPwM";""
"aShybYZx";""
"syTSyFF2";""
"AMV24Ny7";""
"6CMckRuO";""
"X1h1zF0K";""
"kMGMWSv6";""
"hfQjYhsn";""
"dLhdKcTE";""
"cRShjHHE";""
"6SfFNJh0";""
"FkXqI8TQ";""
"bLhNo0jS";""
"mXvqoZet";""
"wZJRkQaN";""
"w7SrEM0I";""
"BcSUaxJB";""
"ahFvnXHv";""
"lEV7MCtv";""
"uMLYNwWM";""
"BgiGCISk";""
"fXqfN0CL";""
"8bYkwNRa";""
"Vw9kZFuB";""
"85rUkFob";""
"CXV9I7uE";""
"twAhz4Nh";""
"4X0pB8pa";""
"OO9IPC4z";""
"Gpjvq9YU";""
"5c1gDCKF";""
"AZZbnDG4";""
"y3U6M8sT";""
"YJGlhIzh";""
"dLJXvHSA";""
"bYeNAqLX";""
"yQxlPSN7";""
"ZdjRW1NG";""
"Y6EVtney";""
"cgS7WoiB";""
"2vFaP9EH";""
"saOnGQDM";""
"LvYz97zt";""
"6uSKLkCL";""
"Fa3UtHtP";""
"D943D1zd";""
"OLNFM3ZT";""
"fynDOi1s";""
"Oiym5DmN";""
"3S3vjnPQ";""
"8lhQI0HG";""
"ENptnvZF";""
"uidSjBRJ";""
"nfUZMuKR";""
"qrTXhGLw";""
"UEzn2DyT";""
"T5WnjicA";""
"PhEuXaEW";""
"l0GMRCfb";""
"ohn3cFDD";""
"8vfRhKET";""
"KQYpnq94";""
"OWjKqMBR";""
"dHZa6QnI";""
"keI208cw";""
"O38mXS07";""
"XZZOiLlf";""
"EZBcW9Zs";""
"IwzPfvNe";""
"527aszO9";""
"ok37xoYJ";""
"Lwrfntpz";""
"fz2qIA26";""
"uSJMCC5L";""
"U0x83Zgm";""
"yT9kbfry";""
"UYQmbzvK";""
"NvH3J1gW";""
"YYs7LCw7";""
"r4a7koaG";""
"x9FWeFHy";""
"3ZeX8CbC";""
"ck5pwzJV";""
"JV1WU6pK";""
"vlWxnBzj";""
"jbKCrPsF";""
"7AOS8e1z";""
"1WdLGsZ9";""
"TGMCCpFq";""
"cV57n6gC";""
"8TVgVZit";""
"KIfdBBri";""
"0PVOzAmH";""
"cgpUwPd4";""
"c9zZbpa1";""
"CE54qUmz";""
"Fv9Vj2WY";""
"DZiTfbWK";""
"Ao3DYBaN";""
"i3pfOHpk";""
"SMR0Qk5b";""
"dzptQrzP";""
"4GwDRRrh";""
"6IK7I4uz";""
"m5DZbUaf";""
"0zgiahFZ";""
"7XCD42HJ";""
"XKJ9wQFp";""
"Tf5clxhP";""
"Cjr9T8mJ";""
"UjEuR9eC";""
"SfOGO9w7";""
"yWheOake";""
"Xy7vsHI6";""
"FmE19vXE";""
"BQAlhDSw";""
"DgyeGUC1";""
"YgyVifI0";""
"wbVIa4PB";""
"FTno7EWO";""
"4BcofTRu";""
"TfIqqXMw";""
"ONtRGnfM";""
"so6IX8Lf";""
"9HdAJQXp";""
"cqXmj2kz";""
"OsO8VRoO";""
"OfJirrPf";""
"DUycSTSP";""
"yHEjUdrN";""
"VS6B5pjU";""
"IfIRPYG3";""
"V5c7KFEn";""
"dTgl04yd";""
"vtCeXRB6";""
"qYYAWoO8";""
"eHrPQsAo";""
"KdQZOrrl";""
"VnjJagvW";""
"ByNCxlyw";""
"8d9XppGS";""
"I2DmTLeE";""
"NGyVaQhV";""
"oiNrRuhY";""
"JmtHWaWH";""
"U4LerVTt";""
"7F4eeAgD";""
"SOm3u2SG";""
"zMvPaFC7";""
"WtcikdWt";""
"2dd3wf29";""
"lLhFwFGN";""
"0dkBfMBC";""
"N0Y5gJjb";""
"lMH5tC4v";""
"q5CODSVZ";""
"IGtNh9Je";""
"otMiucrb";""
"i97AUXOv";""
"HEh1X5Yt";""
"053D6t8E";""
"gCBmDAuQ";""
"lk65SyVI";""
"bCSrcxR4";""
"sQpuPsOL";""
"37qNRKcg";""
"jwGejCuD";""
"Zn1CUfCU";""
"Ku9Gq6CJ";""
"jTCkg8iV";""
"Y8mCOa9w";""
"w4TbZcEm";""
"4jegRp8x";""
"XYdHpdA1";""
"mtXcTVXr";""
"gvWhzh8A";""
"91s6Eied";""
"jaN1YKgq";""
"VNXhszB5";""
"VpL0L6Po";""
"KvaPbHtY";""
"qn3yJO8I";""
"qpK5c1mh";""
"PIe4hAY7";""
"VzAkjdHR";""
"F1EBRZwR";""
"VhdO2lYd";""
"sj0q34Ya";""
"AebMRg1Z";""
"d9il6UoV";""
"jyqkVvDd";""
"uPgocogt";""
"ljuKNFLD";""
"mZSYM36E";""
"DcOh9EWu";""
"QG57debK";""
"PyRTeZBg";""
"37jsy75F";""
"IGO6LAvC";""
"UzqeTCIm";""
"3f9tgAqo";""
"xumTpJcn";""
"hcMhMThd";""
"6ogldvqu";""
"fk3aRX8I";""
"6jJFdfnZ";""
"W86AMnsY";""
"xXBcnj9j";""
"FwnFi6qu";""
"KsKdCubw";""
"09TpYpZP";""
"JSecfgQx";""
"2avjxCqU";""
"LIzmtkrf";""
"sldIkFGo";""
"61TvSRXr";""
"QdwUF1lQ";""
"9DxqT7r4";""
"4Tll5vMM";""
"F57SNbKb";""
"PK0b43zt";""
"t7nmK35V";""
"cLZJZprO";""
"Vor7EE6K";""
"zB7b1KhH";""
"PSrQeoTN";""
"dFYFuDnJ";""
"2olX2cqP";""
"JQnqV5TT";""
"cqS2Dvwo";""
"aVzRoBQx";""
"OLYNvkO1";""
"SMQl9Pg7";""
"fsW4zTzo";""
"sYZ5b2yn";""
"g4eksVC0";""
"6DRsYz9T";""
"JPIWOWO4";""
"CujbyMHE";""
"LEZ2MKvr";""
"w1PbLne4";""
"6wlKMjgj";""
"hk2coy0q";""
"uf1g7o54";""
"BvhGF2a4";""
"JviVSZYv";""
"oGmHQgHw";""
"cihA0ws6";""
"5F3fuabC";""
"qg914xsY";""
"xY5OThdj";""
"qz4FSQwR";""
"Y0v2Ygrr";""
"nGPais7l";""
"2brcoh6D";""
"bJsoO5r8";""
"dii9HZBK";""
"jtVQUCs5";""
"gALqXDyI";""
"zDNPihxj";""
"OEAd6esX";""
"zu9pgtBe";""
"WDLTKNaR";""
"owuPL7h9";""
"hElJFW4k";""
"o1CbVwII";""
"QTVvON5p";""
"gjNo3Pwu";""
"cdZK3By3";""
"t59jhlDg";""
"8zsd3Tf7";""
"atYpyZe4";""
"2vdoe8DV";""
"DiDe4gQ9";""
"a04cjxYj";""
"17tQsj7i";""
"zWTmicw1";""
"BZ3cKoRy";""
"yvuvNJT4";""
"mFhu8IwY";""
"bGrqnVTM";""
"dB9YQgsd";""
"AROKPjoc";""
"74AhEVhC";""
"6D6a6DXn";""
"3YVrCtYg";""
"xQef0SYZ";""
"MDOJjdGG";""
"nraRcSqh";""
"mAfLDaHi";""
"vNpdlZ1y";""
"nxpUEQSO";""
"cZG8q4IS";""
"9Ls7kfNp";""
"wHjp8GpO";""
"wKLs8n6L";""
"QarUfRLR";""
"OWsF6Vqj";""
"e9ifmPxS";""
"9xSQxT76";""
"BpsYUlTK";""
"g8dEpImc";""
"NY9v4f8o";""
"mel99yTE";""
"8oXW4xG6";""
"CeLj2Bly";""
"uH19krx5";""
"cb2NRaWI";""
"Fa7pdm8K";""
"PNBIJGV1";""
"5GO17HiH";""
"tiVlEQMb";""
"c5immI5H";""
"iWQrp7b5";""
"zxfompwW";""
"y1GvFYpn";""
"5SVwP6Lp";""
"RIRQ4XwG";""
"WWEATKwm";""
"8DYHxtT8";""
"QHTJF5sl";""
"rxtjj4G5";""
"fUIRPUYc";""
"5XLgJeaa";""
"lwAbTcME";""
"Ib8j0vD6";""
"ftGUsVxR";""
"vZY4EyEV";""
"rLuBe67U";""
"wLYFnVvT";""
"WuoLVNcJ";""
"qNKCQ51C";""
"LxrLu1t8";""
"6xs4iQza";""
"F976LTUU";""
"aOjVuRXR";""
"mpdAF7ad";""
"xjlagCxq";""
"c7szQwQw";""
"njHa08hp";""
"DpVJov9M";""
"nvplxONE";""
"BsBTw3bs";""
"6SPRLyx6";""
"8afxJ7WQ";""
"CNM80E3E";""
"n5ernXxa";""
"D4hsF13a";""
"YKaXTDna";""
"81bl5qqQ";""
"ojO4k8u6";""
"CANyPKoC";""
"ybPJ0PHs";""
"vTBjDMJy";""
"lpCerqRp";""
"MoAfMigb";""
"O8dkKfHZ";""
"SF55cMoR";""
"O9Ljfzko";""
"dXufNwYi";""
"01Ry0Obu";""
"rereGkAK";""
"WVbPh2Tt";""
"b8374w3G";""
"HLxWgVx8";""
"6s1Els9v";""
"zhbgGjTW";""
"36XB49nz";""
"0gUdrQVJ";""
"1CKbcaEI";""
"UfpfKpqR";""
"oX7TCkPk";""
"E7oInckj";""
"rmGTeZ6E";""
"8oKlcnQw";""
"fylfy8zW";""
"vZmYGDg3";""
"rytJNP28";""
"DsTCkGe2";""
"rB5GLCds";""
"wXEwYief";""
"BeTBCZFD";""
"B1X3xo1i";""
"zPZQBCpK";""
"jKgECqYK";""
"qpnoCMvK";""
"ejzj4QEb";""
"ykozEjeo";""
"bRWwYZAY";""
"iRGTqwQG";""
"GemyVplL";""
"gsBkQhEw";""
"U9V3IvUN";""
"bk0DE9Iw";""
"G79hkBGS";""
"fkvLpq4p";""
"0TPEWZHa";""
"1zOZDW0m";""
"7F9vGrUC";""
"z7BfGxkM";""
"1IL3UmWk";""
"PJairxtz";""
"6GjZdCSy";""
"MziGDgIK";""
"zjA8QGqi";""
"Siunh2Az";""
"mT47mzyV";""
"iyXTt5MT";""
"OLaBYn8f";""
"RwVHPKci";""
"sVeqUMfP";""
"5S3XaWef";""
"SIeU8IkZ";""
"WrKcgCn4";""
"5mfbTVCP";""
"ZZILIvMs";""
